iter	Logloss
0	0.6857483764
50	0.4631678222
100	0.3666283909
150	0.3073239475
200	0.2664937956
250	0.2404524907
300	0.2210739819
350	0.2042296675
400	0.1882653482
450	0.1745201871
500	0.1623743921
550	0.1519155188
600	0.1425263701
650	0.1326715874
700	0.125524503
750	0.1174119771
800	0.110063945
850	0.1047205402
900	0.09852905681
950	0.09311207316
999	0.08725544897
